-- select * from users;
--

insert into users(username,password,name,age,sex,email,ssnF,ssnS,address,phone,asset,color,investment_propensity,roles) values ('qwe','$2a$10$gWawLIiysLIU/y99pbVAteffUhKphTA.yAtwdsCASWMQADBo8bJaS','아일멘드라','25','남','qwe@naver.com','1111','1111','서울시','010',11111,'검정','NAVER','ROLE_USER'),
                                                                                                                               ('qqq','$2a$10$Ip7ZhFXdoTij.S4UUezw.uJz8/tw39YdPWyjmT1yXvqzK7K8Nukwq','매트릭스인트캣','33','남','qqq@naver.com','123','123','서울시','011',11111,'빨강','NAVER','ROLE_USER'),
                                                                                                                               ('aaa','$2a$10$gJ2exVSzm5XKnugGXYD8GOtT39FAowvtYdnA9gFMmMRmafQR.NCiG','토만시드','323','남','aaa@naver.com','332','332','서울시','010',11111,'파랑','NAVER','ROLE_USER'),
                                                                                                                               ('zzz','$2a$10$UEKOTwqzN64rSmW/vT2CpuxXvZ9oIa.CFJy9Q0aX6KQ6rmwQe.MkW','드라이버','44','남','zzz@naver.com','444','444','서울시','010',11111,'검정','NAVER','ROLE_USER'),
                                                                                                                               ('user01', '$2a$10$ETuqjiMOwPr.NvKMzEOjm.FSzQIAFsvqBYqa47zgg2Yrx8YVzKR06', '홍길동', 28, '남성', 'hong@example.com', 123456, 1234, '서울시 강남구 123-45', '010-1234-5678', 1000000, 'red', '보수적','ROLE_USER'),  -- password1
                                                                                                                               ('user02', '$2a$10$mHoWfF3lktrQyHmBnjbANeQUM5jdpal8nLwGE0qQks6X4TqtaFEwO', '김영희', 34, '여성', 'kim@example.com', 234567, 2345, '부산시 해운대구 67-89', '010-2345-6789', 2000000, 'blue', '공격적','ROLE_USER'),  -- password2
                                                                                                                               ('user03', '$2a$10$wyCbbiJzmoc7mJf0Zxc9A.jcio4LxHi94Uw0Ah3n.tudyc0qd7iHq', '이철수', 45, '남성', 'lee@example.com', 345678, 3456, '대구시 중구 10-11', '010-3456-7890', 1500000, 'green', '중립적','ROLE_USER'),  -- password3
                                                                                                                               ('user04', '$2a$10$wICUq3gGwlCiD8rUobavSeQnfJFQ9sYHByrwImeJxW1vmE2aPGvQO', '박지민', 29, '여성', 'park@example.com', 456789, 4567, '인천시 남동구 12-34', '010-4567-8901', 2500000, 'yellow', '보수적','ROLE_USER'),  -- password4
                                                                                                                               ('user05', '$2a$10$2dSGcc4aK3f/JM0gxw/hnufAYcPJPG6t0mFd.d/t3MUU.jJPsym1e', '최민수', 37, '남성', 'choi@example.com', 567890, 5678, '광주시 북구 56-78', '010-5678-9012', 1800000, 'purple', '공격적','ROLE_USER'),  -- password5
                                                                                                                               ('user10', '$2a$10$0Lx0mEG2hFaxzSlt94.UyO9vNLp0ebcTiEJmkhSNLOIeNDU2XVfb2', '하진수', 33, '남성', 'ha@example.com', 123456, 3456, '충청북도 청주시 11-22', '010-0123-4567', 2100000, 'purple', '보수적','ROLE_USER');  -- password10
insert into boards(boards.boards_id,boards.title) values (1,'자주하는 질문');
insert into boards(boards.boards_id,boards.title) values (2,'QnA/1:1문의');
insert into boards(boards.boards_id,boards.title) values (3,'공지사항');


INSERT INTO articles (articles.title, articles.content, articles.users_id, articles.boards_id, articles.answer) VALUES
                                                                                                                    ('회원 가입 방법', '회원 가입을 어떻게 하나요?', 1, 2, '회원 가입은 홈페이지 상단의 "가입하기" 버튼을 클릭하시면 됩니다.'),
                                                                                                                    ('비밀번호 재설정', '비밀번호를 잊어버렸습니다. 어떻게 해야 하나요?', 2, 2, '로그인 페이지에서 "비밀번호 찾기"를 클릭하시면 이메일로 재설정 링크를 보내드립니다.'),
                                                                                                                    ('주식 거래 수수료', '주식 거래 시 수수료는 얼마인가요?', 3, 2, '거래 수수료는 기본 0.1%이며, VIP 회원에게는 할인 혜택이 있습니다.'),
                                                                                                                    ('프로필 수정 방법', '내 프로필을 어떻게 수정하나요?', 4, 2, '내 계정 메뉴에서 "프로필 수정"을 선택하시면 됩니다.'),
                                                                                                                    ('시세 조회 방법', '실시간 주식 시세는 어떻게 조회하나요?', 5, 2, '홈페이지의 시세 조회 메뉴에서 원하는 종목을 검색하시면 됩니다.'),
                                                                                                                    ('투자 정보 제공', '투자 정보를 어디서 확인할 수 있나요?', 6, 2, '투자 정보는 "투자 정보" 메뉴에서 확인하실 수 있습니다.'),
                                                                                                                    ('상장 주식 정보', '상장 주식에 대한 정보를 알고 싶습니다.', 7, 2, '상장 주식 정보는 "상장 주식" 메뉴에서 확인 가능합니다.'),
                                                                                                                    ('계좌 해지 방법', '계좌를 해지하고 싶은데 어떻게 하나요?', 8, 2, '고객센터에 문의하시면 계좌 해지 절차를 안내해 드립니다.'),
                                                                                                                    ('거래 내역 조회', '거래 내역은 어떻게 조회하나요?', 9, 2, '내 계정 메뉴의 "거래 내역"에서 확인하실 수 있습니다.'),
                                                                                                                    ('이벤트 참여 방법', '이벤트에 참여하려면 어떻게 해야 하나요?', 10, 2, '이벤트 페이지에서 참여 신청을 하시면 됩니다.'),
                                                                                                                    ('SMS 알림 설정', '주식 거래 시 SMS 알림을 받을 수 있나요?', 1, 2, '설정 메뉴에서 SMS 알림을 활성화하시면 됩니다.'),
                                                                                                                    ('고객센터 연락처', '고객센터에 어떻게 연락하나요?', 2, 2, '고객센터는 1234-5678로 전화 주시면 됩니다.'),
                                                                                                                    ('투자 상담 예약', '투자 상담은 어떻게 예약하나요?', 3, 2, '홈페이지의 상담 예약 메뉴에서 가능한 날짜를 선택하시면 됩니다.'),
                                                                                                                    ('투자 교육 프로그램', '투자 교육 프로그램은 어떻게 신청하나요?', 4, 2, '교육 프로그램 신청은 "교육" 메뉴에서 가능합니다.'),
                                                                                                                    ('주식 관련 뉴스', '주식 관련 뉴스를 어디서 볼 수 있나요?', 5, 2, '뉴스 메뉴에서 최신 주식 뉴스를 확인하실 수 있습니다.'),
                                                                                                                    ('계좌 인증 절차', '계좌 인증은 어떻게 하나요?', 6, 2, '계좌 인증은 "계좌 인증" 메뉴에서 안내에 따라 진행하시면 됩니다.'),
                                                                                                                    ('안전한 거래 방법', '안전하게 거래하는 방법은 무엇인가요?', 7, 2, '안전한 거래를 위해 2단계 인증을 설정하시길 권장합니다.'),
                                                                                                                    ('투자 리포트 요청', '투자 리포트는 어떻게 요청하나요?', 8, 2, '고객센터에 요청하시면 투자 리포트를 제공해 드립니다.'),
                                                                                                                    ('펀드 투자 안내', '펀드에 투자하는 방법은 무엇인가요?', 9, 2, '펀드 투자 안내는 "펀드" 메뉴에서 확인하실 수 있습니다.'),
                                                                                                                    ('주식 분석 도구', '주식 분석 도구는 어떤 것이 있나요?', 10, 2, '주식 분석 도구는 "분석 도구" 메뉴에서 사용할 수 있습니다.'),
                                                                                                                    ('모바일 앱 사용법', '모바일 앱 사용법을 알고 싶습니다.', 1, 2, '앱 내 도움말 메뉴에서 사용법을 확인하실 수 있습니다.'),
                                                                                                                    ('투자 전략 추천', '어떤 투자 전략을 추천하시나요?', 2, 2, '장기 투자와 분산 투자를 추천합니다.'),
                                                                                                                    ('주식 시장 동향', '현재 주식 시장 동향은 어떤가요?', 3, 2, '현재 주식 시장은 상승세를 보이고 있습니다.'),
                                                                                                                    ('세금 관련 문의', '주식 거래 세금에 대해 알고 싶습니다.', 4, 2, '세금 관련 정보는 "세금 안내" 메뉴에서 확인하실 수 있습니다.'),
                                                                                                                    ('기술적 분석 자료', '기술적 분석에 대한 자료를 알고 싶습니다.', 5, 2, '기술적 분석 자료는 "자료실" 메뉴에서 다운로드 가능합니다.'),
                                                                                                                    ('주식 매매 시 주의사항', '주식 매매 시 주의해야 할 점은 무엇인가요?', 6, 2, '주식 매매 시 항상 리스크를 고려하시기 바랍니다.'),
                                                                                                                    ('신규 상장 주식 투자', '신규 상장 주식에 대한 정보는 어디서 찾을 수 있나요?', 7, 2, '신규 상장 주식 정보는 "상장 정보" 메뉴에서 확인하실 수 있습니다.'),
                                                                                                                    ('주식 포트폴리오 관리', '주식 포트폴리오를 어떻게 관리하나요?', 8, 2, '정기적으로 포트폴리오를 점검하고 조정하는 것이 중요합니다.'),
                                                                                                                    ('상장폐지 주식 처리', '상장폐지된 주식은 어떻게 처리하나요?', 9, 2, '상장폐지 주식은 고객센터에 문의하시면 안내해 드립니다.'),
                                                                                                                    ('투자 성공 사례 공유', '성공적인 투자 사례를 공유해 주세요.', 10, 2, '성공적인 투자 사례는 포럼에서 확인하실 수 있습니다.'),
                                                                                                                    ('주식이란 무엇인가요?', '주식은 회사의 소유권을 나타내는 증서입니다. 주식을 소유함으로써 회사의 이익을 분배받을 수 있습니다.', 1, 1, '주식은 회사의 소유권을 나타내는 증서입니다.'),
                                                                                                                    ('주식 투자에 필요한 기본 지식은?', '주식 투자에는 기본적인 경제 지식과 회사 분석 능력이 필요합니다. 기본적인 재무제표 분석이 중요합니다.', 2, 1, '경제 지식과 회사 분석 능력이 필요합니다.'),
                                                                                                                    ('주식을 어떻게 구매하나요?', '주식을 구매하려면 증권 계좌를 개설한 후, 원하는 주식을 선택하여 매수 주문을 하시면 됩니다.', 3, 1, '증권 계좌를 개설하고 매수 주문을 하세요.'),
                                                                                                                    ('주식의 위험 요소는 무엇인가요?', '주식 투자에는 시장 위험, 유동성 위험, 신용 위험 등이 있습니다. 이를 이해하고 투자하는 것이 중요합니다.', 4, 1, '시장 위험, 유동성 위험, 신용 위험이 있습니다.'),
                                                                                                                    ('배당금은 어떻게 지급되나요?', '배당금은 회사가 이익을 주주에게 분배하는 방식으로, 분기별 또는 연간 지급됩니다.', 5, 1, '회사 이익을 주주에게 분배하는 방식입니다.'),
                                                                                                                    ('주식 시장이란 무엇인가요?', '주식 시장은 주식이 거래되는 장소로, 증권 거래소와 장외 시장이 포함됩니다.', 6, 1, '주식이 거래되는 장소입니다.'),
                                                                                                                    ('주식 거래 시간은 언제인가요?', '대부분의 증권 거래소는 오전 9시부터 오후 3시 30분까지 거래가 가능합니다.', 7, 1, '오전 9시부터 오후 3시 30분까지입니다.'),
                                                                                                                    ('주식 투자 시 유의해야 할 점은?', '투자할 회사의 재무 상태와 시장 동향을 분석하고, 분산 투자하는 것이 중요합니다.', 8, 1, '재무 상태와 시장 동향 분석이 중요합니다.'),
                                                                                                                    ('외환 거래와 주식 거래의 차이는?', '외환 거래는 통화의 매매이고, 주식 거래는 회사의 소유권을 매매하는 것입니다.', 9, 1, '외환은 통화 매매, 주식은 소유권 매매입니다.'),
                                                                                                                    ('주식의 종류에는 어떤 것이 있나요?', '주식의 종류로는 보통주와 우선주가 있으며, 각기 다른 권리와 배당 조건을 가집니다.', 10, 1, '보통주와 우선주가 있습니다.'),
                                                                                                                    ('주식 투자에 대한 세금은 어떻게 되나요?', '주식 매매 시 발생한 양도소득에 대해 세금이 부과됩니다. 보유 기간에 따라 세율이 다릅니다.', 1, 1, '양도소득에 대해 세금이 부과됩니다.'),
                                                                                                                    ('기술적 분석이란 무엇인가요?', '기술적 분석은 주식의 가격 및 거래량을 분석하여 미래의 가격 흐름을 예측하는 방법입니다.', 2, 1, '가격과 거래량 분석으로 예측합니다.'),
                                                                                                                    ('주식 투자에서의 분산 투자란?', '분산 투자는 여러 자산에 투자하여 위험을 줄이는 전략입니다. 다양한 기업에 투자하는 것이 좋습니다.', 3, 1, '여러 자산에 투자하여 위험을 줄입니다.'),
                                                                                                                    ('IPO란 무엇인가요?', 'IPO는 기업이 처음으로 주식을 공개적으로 판매하는 것을 의미합니다. 일반 투자자에게 주식이 제공됩니다.', 4, 1, '기업의 첫 주식 공개입니다.'),
                                                                                                                    ('주식 매매 시 유용한 정보는?', '기업의 공시자료와 분석 리포트, 뉴스 등을 참고하는 것이 중요합니다.', 5, 1, '공시자료와 분석 리포트를 참고하세요.'),
                                                                                                                    ('주식 투자에 있어 심리적 요인은?', '투자자의 감정과 심리는 매매 결정에 큰 영향을 미칩니다. 냉정한 판단이 필요합니다.', 6, 1, '감정과 심리가 영향을 미칩니다.'),
                                                                                                                    ('주식 시장의 변동성을 줄이는 방법은?', '장기 투자와 분산 투자로 변동성을 줄일 수 있습니다. 단기 매매는 위험할 수 있습니다.', 7, 1, '장기 투자와 분산 투자로 줄입니다.'),
                                                                                                                    ('신용 거래란 무엇인가요?', '신용 거래는 자금을 빌려 주식을 거래하는 방식으로, 높은 수익과 높은 위험이 따릅니다.', 8, 1, '자금을 빌려 거래하는 방식입니다.'),
                                                                                                                    ('주식 시장의 분석 도구는?', '차트 분석, 캔들스틱 차트, 이동 평균선 등이 있으며, 다양한 분석 도구를 활용할 수 있습니다.', 9, 1, '차트 분석과 이동 평균선 등이 있습니다.'),
                                                                                                                    ('주식 거래 수수료는 얼마나 되나요?', '주식 거래 수수료는 증권사에 따라 다르며, 거래 금액의 일정 비율로 부과됩니다.', 10, 1, '증권사마다 다릅니다.'),
                                                                                                                    ('주식의 매도 타이밍은?', '매도 타이밍은 목표가 도달 시 또는 손실이 커질 경우 결정하는 것이 일반적입니다.', 1, 1, '목표가 도달 시 또는 손실 시입니다.'),
                                                                                                                    ('주식 투자에 대한 기본 원칙은?', '안전한 투자, 분산 투자, 장기 투자 등의 원칙을 지키는 것이 중요합니다.', 2, 1, '안전하고 분산된 장기 투자가 중요합니다.'),
                                                                                                                    ('주식 시장의 트렌드는 어떻게 파악하나요?', '경제 지표와 뉴스, 전문가 의견 등을 통해 시장 트렌드를 파악할 수 있습니다.', 3, 1, '경제 지표와 뉴스를 참고하세요.'),
                                                                                                                    ('주식 투자에서의 손실을 최소화하는 방법은?', '손절매를 설정하고, 감정에 휘둘리지 않는 것이 중요합니다.', 4, 1, '손절매를 설정하고 감정을 통제하세요.'),
                                                                                                                    ('주식 투자 유의사항 안내', '주식 투자 시 반드시 유의해야 할 사항들을 안내합니다. 투자 결정을 내리기 전 충분한 분석이 필요합니다.', 1, 3, ''),
                                                                                                                    ('신규 상장 주식 안내', '이번 주 새로 상장되는 주식 리스트를 공개합니다. 투자자 여러분의 많은 관심 바랍니다.', 2, 3, ''),
                                                                                                                    ('주식 거래 수수료 변경 안내', '증권사 거래 수수료가 변경됩니다. 자세한 내용은 홈페이지를 참조해 주세요.', 3, 3, ''),
                                                                                                                    ('2024년 주식 시장 전망', '2024년 주식 시장에 대한 전문가의 전망을 공유합니다. 다양한 의견을 참고하시기 바랍니다.', 4, 3, ''),
                                                                                                                    ('주식 투자 세미나 개최', '주식 투자에 대한 세미나를 개최합니다. 많은 참석 부탁드립니다.', 5, 3, ''),
                                                                                                                    ('배당금 지급 일정 안내', '배당금 지급 일정에 대한 안내입니다. 주주 여러분께서는 확인해 주시기 바랍니다.', 6, 3, ''),
                                                                                                                    ('주식 투자 관련 자료 제공', '주식 투자에 도움이 되는 자료를 제공합니다. 필요한 자료를 다운로드하세요.', 7, 3, ''),
                                                                                                                    ('주식 시장 동향 분석', '최근 주식 시장의 동향에 대한 분석을 제공합니다. 투자에 참고하시기 바랍니다.', 8, 3, ''),
                                                                                                                    ('IPO 일정 안내', '상장 예정인 기업의 IPO 일정에 대한 안내입니다. 많은 관심 부탁드립니다.', 9, 3, ''),
                                                                                                                    ('주식 거래 시스템 점검 안내', '주식 거래 시스템의 점검 일정에 대한 안내입니다. 점검 시간 동안 거래가 불가능합니다.', 10, 3, ''),
                                                                                                                    ('투자자 보호 정책 안내', '투자자 보호를 위한 정책에 대한 안내입니다. 자세한 내용은 홈페이지를 참조해 주세요.', 1, 3, ''),
                                                                                                                    ('주식 관련 FAQ 업데이트', '주식 관련 FAQ를 업데이트했습니다. 자주 묻는 질문을 확인해 보세요.', 2, 3, ''),
                                                                                                                    ('장기 투자 전략 안내', '효과적인 장기 투자 전략에 대한 안내입니다. 투자 시 참고하시기 바랍니다.', 3, 3, ''),
                                                                                                                    ('주식 시장 주요 뉴스', '최근 주식 시장에서의 주요 뉴스를 공유합니다. 투자에 도움이 되길 바랍니다.', 4, 3, ''),
                                                                                                                    ('재무제표 분석 방법 안내', '재무제표 분석 방법에 대한 안내입니다. 투자 결정에 도움이 될 것입니다.', 5, 3, ''),
                                                                                                                    ('주식 거래 교육 프로그램 안내', '주식 거래에 대한 교육 프로그램을 안내합니다. 많은 참여 부탁드립니다.', 6, 3, ''),
                                                                                                                    ('소액 투자자 지원 정책', '소액 투자자를 위한 지원 정책에 대한 안내입니다. 자세한 내용은 홈페이지를 확인하세요.', 7, 3, ''),
                                                                                                                    ('주식 시장의 리스크 관리', '주식 투자 시 리스크 관리를 위한 방법을 안내합니다. 안전한 투자를 위해 참고하세요.', 8, 3, ''),
                                                                                                                    ('시장 변동성 대응 전략', '주식 시장의 변동성에 대응하는 전략에 대한 안내입니다. 투자에 도움이 되길 바랍니다.', 9, 3, ''),
                                                                                                                    ('주식 투자 관련 웹사이트 추천', '주식 투자에 유용한 웹사이트를 추천드립니다. 참고하시기 바랍니다.', 10, 3, ''),
                                                                                                                    ('증권사 비교 안내', '여러 증권사의 서비스와 수수료를 비교한 내용을 안내합니다. 선택에 도움이 되길 바랍니다.', 1, 3, ''),
                                                                                                                    ('주식 관련 서적 추천', '주식 투자에 도움이 되는 서적을 추천드립니다. 독서로 지식을 넓혀보세요.', 2, 3, ''),
                                                                                                                    ('주식 시장 전망 세미나 안내', '주식 시장 전망에 대한 세미나를 개최합니다. 많은 참석 부탁드립니다.', 3, 3, ''),
                                                                                                                    ('주식 투자 시 유의해야 할 심리', '주식 투자에서의 심리적 요인에 대한 안내입니다. 감정 관리를 잘 하세요.', 4, 3, ''),
                                                                                                                    ('주식 관련 블로그 추천', '주식 투자에 유용한 블로그를 추천드립니다. 유익한 정보를 얻어보세요.', 5, 3, ''),
                                                                                                                    ('주식 투자 성공 사례 공유', '주식 투자 성공 사례를 공유합니다. 많은 영감을 얻으시길 바랍니다.', 6, 3, ''),
                                                                                                                    ('주식 시장의 새로운 트렌드', '주식 시장에서의 새로운 트렌드를 소개합니다. 최신 정보를 확인하세요.', 7, 3, ''),
                                                                                                                    ('고객 서비스 안내', '고객 서비스에 대한 안내입니다. 궁금한 점이 있으시면 언제든지 문의해 주세요.', 8, 3, ''),
                                                                                                                    ('주식 투자 커뮤니티 안내', '주식 투자에 관련된 커뮤니티를 안내합니다. 많은 참여 부탁드립니다.', 9, 3, ''),
                                                                                                                    ('주식 시장 관련 이벤트 안내', '주식 시장 관련 이벤트에 대한 안내입니다. 많은 관심 부탁드립니다.', 10, 3, '');